Referenztabelle zu Staaten und Territorien 2024 - Welt | Reference table concerning states and territories in 2024 - World
CON_NUM;CON_ALP2;CON_GER_OFF;CON_ENG_OFF;REG_NUM;REG_ALP3;REG_GER_OFF;REG_ENG_OFF;ISO_NUM;ISO_NUM_S;ISO_ALP2;ISO_ALP3;NAME_GER;NAME_GER_OFF;NAME_GER_S;NAME_ENG;NAME_ENG_OFF;NAME_ENG_S;UN;EWR;EU;STATUS;GEO2;GEO4;GEO8
935;AS;Asien;Asia;5501;ASS;Südasien;Southern Asia;004;004;AF;AFG;Afghanistan;Islamische Republik Afghanistan;Afghanistan;Afghanistan;Islamic Republic of Afghanistan;Afghanistan;Y;N;N;A;FOR;TCN;ASI
908;EU;Europa;Europe;925;EUS;Südeuropa;Southern Europe;008;008;AL;ALB;Albanien;Republik Albanien;Albanien;Albania;Republic of Albania;Albania;Y;N;N;A;FOR;REU;REU
999;XX;Nicht zutreffend;Not applicable;999;XXX;Nicht zutreffend;Not applicable;010;010;AQ;ATA;Antarktis;Antarktis;Antarktis;Antarctica;Antarctica;Antarctica;N;N;N;T;FOR;TCN;ASI
903;AF;Afrika;Africa;912;AFN;Nordafrika;Northern Africa;012;012;DZ;DZA;Algerien;Demokratische Volksrepublik Algerien;Algerien;Algeria;People's Democratic Republic of Algeria;Algeria;Y;N;N;A;FOR;TCN;AFR
909;OC;Ozeanien;Oceania;957;OCP;Polynesien;Polynesia;016;840;AS;ASM;Amerikanisch-Samoa;Amerikanisch-Samoa;Vereinigte Staaten;American Samoa;American Samoa;United States;N;N;N;T;FOR;TCN;ASI
908;EU;Europa;Europe;925;EUS;Südeuropa;Southern Europe;020;020;AD;AND;Andorra;Fürstentum Andorra;Andorra;Andorra;Principality of Andorra;Andorra;Y;N;N;A;FOR;EEA;EFTA
903;AF;Afrika;Africa;911;AFM;Mittelafrika;Middle Africa;024;024;AO;AGO;Angola;Republik Angola;Angola;Angola;Republic of Angola;Angola;Y;N;N;A;FOR;TCN;AFR
904;SA;Lateinamerika und Karibik;Latin America and the Caribbean;915;SAC;Karibik;Caribbean;028;028;AG;ATG;Antigua und Barbuda;Antigua und Barbuda;Antigua und Barbuda;Antigua and Barbuda;Antigua and Barbuda;Antigua and Barbuda;Y;N;N;A;FOR;TCN;AME
935;AS;Asien;Asia;922;ASW;Westasien;Western Asia;031;031;AZ;AZE;Aserbaidschan;Republik Aserbaidschan;Aserbaidschan;Azerbaijan;Republic of Azerbaijan;Azerbaijan;Y;N;N;A;FOR;TCN;ASI
904;SA;Lateinamerika und Karibik;Latin America and the Caribbean;931;SAS;Südamerika;South America;032;032;AR;ARG;Argentinien;Argentinische Republik;Argentinien;Argentina;Argentine Republic;Argentina;Y;N;N;A;FOR;TCN;AME
909;OC;Ozeanien;Oceania;927;OCA;Australien und Neuseeland;Australia and New Zealand;036;036;AU;AUS;Australien;Australien;Australien;Australia;Commonwealth of Australia;Australia;Y;N;N;A;FOR;TCN;ASI
908;EU;Europa;Europe;926;EUW;Westeuropa;Western Europe;040;040;AT;AUT;Österreich;Republik Österreich;Österreich;Austria;Republic of Austria;Austria;Y;Y;Y;A;AUT;AUT;AUT
904;SA;Lateinamerika und Karibik;Latin America and the Caribbean;915;SAC;Karibik;Caribbean;044;044;BS;BHS;Bahamas;Commonwealth der Bahamas;Bahamas;Bahamas;Commonwealth of The Bahamas;Bahamas;Y;N;N;A;FOR;TCN;AME
935;AS;Asien;Asia;922;ASW;Westasien;Western Asia;048;048;BH;BHR;Bahrain;Königreich Bahrain;Bahrain;Bahrain;Kingdom of Bahrain;Bahrain;Y;N;N;A;FOR;TCN;ASI
935;AS;Asien;Asia;5501;ASS;Südasien;Southern Asia;050;050;BD;BGD;Bangladesch;Volksrepublik Bangladesch;Bangladesch;Bangladesh;People's Republic of Bangladesh;Bangladesh;Y;N;N;A;FOR;TCN;ASI
935;AS;Asien;Asia;922;ASW;Westasien;Western Asia;051;051;AM;ARM;Armenien;Republik Armenien;Armenien;Armenia;Republic of Armenia;Armenia;Y;N;N;A;FOR;TCN;ASI
904;SA;Lateinamerika und Karibik;Latin America and the Caribbean;915;SAC;Karibik;Caribbean;052;052;BB;BRB;Barbados;Barbados;Barbados;Barbados;Barbados;Barbados;Y;N;N;A;FOR;TCN;AME
908;EU;Europa;Europe;926;EUW;Westeuropa;Western Europe;056;056;BE;BEL;Belgien;Königreich Belgien;Belgien;Belgium;Kingdom of Belgium;Belgium;Y;Y;Y;A;FOR;EEA;OEU
905;NA;Nordamerika;Northern America;905;NAN;Nordamerika;Northern America;060;826;BM;BMU;Bermuda;Bermuda;Vereinigtes Königreich;Bermuda;Bermuda;United Kingdom;N;N;N;T;FOR;TCN;AME
935;AS;Asien;Asia;5501;ASS;Südasien;Southern Asia;064;064;BT;BTN;Bhutan;Königreich Bhutan;Bhutan;Bhutan;Kingdom of Bhutan;Bhutan;Y;N;N;A;FOR;TCN;ASI
904;SA;Lateinamerika und Karibik;Latin America and the Caribbean;931;SAS;Südamerika;South America;068;068;BO;BOL;Bolivien;Plurinationaler Staat Bolivien;Bolivien;Bolivia;Plurinational State of Bolivia;Bolivia;Y;N;N;A;FOR;TCN;AME
908;EU;Europa;Europe;925;EUS;Südeuropa;Southern Europe;070;070;BA;BIH;Bosnien und Herzegowina;Bosnien und Herzegowina;Bosnien und Herzegowina;Bosnia and Herzegovina;Republic of Bosnia and Herzegovina;Bosnia and Herzegovina;Y;N;N;A;FOR;REU;REU
903;AF;Afrika;Africa;913;AFS;Südafrika;Southern Africa;072;072;BW;BWA;Botsuana;Republik Botsuana;Botsuana;Botswana;Republic of Botswana;Botswana;Y;N;N;A;FOR;TCN;AFR
904;SA;Lateinamerika und Karibik;Latin America and the Caribbean;931;SAS;Südamerika;South America;074;578;BV;BVT;Bouvetinsel;Bouvetinsel;Norwegen;Bouvet Island;Bouvet Island;Norway;N;N;N;T;FOR;TCN;AME
904;SA;Lateinamerika und Karibik;Latin America and the Caribbean;931;SAS;Südamerika;South America;076;076;BR;BRA;Brasilien;Föderative Republik Brasilien;Brasilien;Brazil;Federative Republic of Brazil;Brazil;Y;N;N;A;FOR;TCN;AME
904;SA;Lateinamerika und Karibik;Latin America and the Caribbean;916;SAE;Zentralamerika;Central America;084;084;BZ;BLZ;Belize;Belize;Belize;Belize;Belize;Belize;Y;N;N;A;FOR;TCN;AME
903;AF;Afrika;Africa;910;AFE;Ostafrika;Eastern Africa;086;826;IO;IOT;Britisches Territorium im Ind. Ozean;Britisches Territorium im Indischen Ozean;Vereinigtes Königreich;British Indian Ocean Territory;British Indian Ocean Territory;United Kingdom;N;N;N;T;FOR;TCN;AFR
909;OC;Ozeanien;Oceania;928;OCL;Melanesien;Melanesia;090;090;SB;SLB;Salomonen;Salomonen;Salomonen;Solomon Islands;Solomon Islands;Solomon Islands;Y;N;N;A;FOR;TCN;ASI
904;SA;Lateinamerika und Karibik;Latin America and the Caribbean;915;SAC;Karibik;Caribbean;092;826;VG;VGB;Britische Jungferninseln;Britische Jungferninseln;Vereinigtes Königreich;Virgin Islands (British);Virgin Islands (British);United Kingdom;N;N;N;T;FOR;TCN;AME
935;AS;Asien;Asia;920;ASA;Südostasien;South-Eastern Asia;096;096;BN;BRN;Brunei Darussalam;Brunei Darussalam;Brunei Darussalam;Brunei Darussalam;State of Brunei;Brunei Darussalam;Y;N;N;A;FOR;TCN;ASI
908;EU;Europa;Europe;923;EUE;Osteuropa;Eastern Europe;100;100;BG;BGR;Bulgarien;Republik Bulgarien;Bulgarien;Bulgaria;Republic of Bulgaria;Bulgaria;Y;Y;Y;A;FOR;EEA;NEU
935;AS;Asien;Asia;920;ASA;Südostasien;South-Eastern Asia;104;104;MM;MMR;Myanmar;Republik der Union Myanmar;Myanmar;Myanmar;Republic of the Union of Myanmar;Myanmar;Y;N;N;A;FOR;TCN;ASI
903;AF;Afrika;Africa;910;AFE;Ostafrika;Eastern Africa;108;108;BI;BDI;Burundi;Republik Burundi;Burundi;Burundi;Republic of Burundi;Burundi;Y;N;N;A;FOR;TCN;AFR
908;EU;Europa;Europe;923;EUE;Osteuropa;Eastern Europe;112;112;BY;BLR;Belarus;Republik Belarus;Belarus;Belarus;Republic of Belarus;Belarus;Y;N;N;A;FOR;REU;REU
935;AS;Asien;Asia;920;ASA;Südostasien;South-Eastern Asia;116;116;KH;KHM;Kambodscha;Königreich Kambodscha;Kambodscha;Cambodia;Kingdom of Cambodia;Cambodia;Y;N;N;A;FOR;TCN;ASI
903;AF;Afrika;Africa;911;AFM;Mittelafrika;Middle Africa;120;120;CM;CMR;Kamerun;Republik Kamerun;Kamerun;Cameroon;Republic of Cameroon;Cameroon;Y;N;N;A;FOR;TCN;AFR
905;NA;Nordamerika;Northern America;905;NAN;Nordamerika;Northern America;124;124;CA;CAN;Kanada;Kanada;Kanada;Canada;Canada;Canada;Y;N;N;A;FOR;TCN;AME
903;AF;Afrika;Africa;914;AFW;Westafrika;Western Africa;132;132;CV;CPV;Cabo Verde;Republik Cabo Verde;Cabo Verde;Cabo Verde;Republic of Cape Verde;Cabo Verde;Y;N;N;A;FOR;TCN;AFR
904;SA;Lateinamerika und Karibik;Latin America and the Caribbean;915;SAC;Karibik;Caribbean;136;826;KY;CYM;Kaimaninseln;Kaimaninseln;Vereinigtes Königreich;Cayman Islands;Kaimaninseln;United Kingdom;N;N;N;T;FOR;TCN;AME
903;AF;Afrika;Africa;911;AFM;Mittelafrika;Middle Africa;140;140;CF;CAF;Zentralafrikanische Republik;Zentralafrikanische Republik;Zentralafrikanische Republik;Central African Republic;Central African Republic;Central African Republic;Y;N;N;A;FOR;TCN;AFR
935;AS;Asien;Asia;5501;ASS;Südasien;Southern Asia;144;144;LK;LKA;Sri Lanka;Demokratische Sozialistische Republik Sri Lanka;Sri Lanka;Sri Lanka;Democratic Socialist Republic of Sri Lanka;Sri Lanka;Y;N;N;A;FOR;TCN;ASI
903;AF;Afrika;Africa;911;AFM;Mittelafrika;Middle Africa;148;148;TD;TCD;Tschad;Republik Tschad;Tschad;Chad;Republic of Chad;Chad;Y;N;N;A;FOR;TCN;AFR
904;SA;Lateinamerika und Karibik;Latin America and the Caribbean;931;SAS;Südamerika;South America;152;152;CL;CHL;Chile;Republik Chile;Chile;Chile;Republic of Chile;Chile;Y;N;N;A;FOR;TCN;AME
935;AS;Asien;Asia;906;ASE;Ostasien;Eastern Asia;156;156;CN;CHN;China;Volksrepublik China;China;China;People's Republic of China;China;Y;N;N;A;FOR;TCN;ASI
935;AS;Asien;Asia;906;ASE;Ostasien;Eastern Asia;158;156;TW;TWN;Taiwan;Chinesisches Taipei (Taiwan);China;Taiwan;Chinese Taipei (Taiwan);China;N;N;N;T;FOR;TCN;ASI
909;OC;Ozeanien;Oceania;954;OCM;Mikronesien;Micronesia;162;036;CX;CXR;Weihnachtsinsel;Weihnachtsinsel;Australien;Christmas Island;Christmas Island;Australia;N;N;N;T;FOR;TCN;ASI
909;OC;Ozeanien;Oceania;954;OCM;Mikronesien;Micronesia;166;036;CC;CCK;Kokosinseln;Kokosinseln;Australien;Cocos Islands;Cocos Islands;Australia;N;N;N;T;FOR;TCN;ASI
904;SA;Lateinamerika und Karibik;Latin America and the Caribbean;931;SAS;Südamerika;South America;170;170;CO;COL;Kolumbien;Republik Kolumbien;Kolumbien;Colombia;Republic of Colombia;Colombia;Y;N;N;A;FOR;TCN;AME
903;AF;Afrika;Africa;910;AFE;Ostafrika;Eastern Africa;174;174;KM;COM;Komoren;Union der Komoren;Komoren;Comoros;Union of the Comoros;Comoros;Y;N;N;A;FOR;TCN;AFR
903;AF;Afrika;Africa;910;AFE;Ostafrika;Eastern Africa;175;250;YT;MYT;Mayotte;Mayotte;Frankreich;Mayotte;Mayotte;France;N;Y;Y;T;FOR;TCN;AFR
903;AF;Afrika;Africa;911;AFM;Mittelafrika;Middle Africa;178;178;CG;COG;Kongo;Republik Kongo;Kongo;Congo;Republic of Congo;Congo;Y;N;N;A;FOR;TCN;AFR
903;AF;Afrika;Africa;911;AFM;Mittelafrika;Middle Africa;180;180;CD;COD;DR Kongo;Demokratische Republik Kongo;DR Kongo;Congo (DRC);Democratic Republic of the Congo;Congo (DRC);Y;N;N;A;FOR;TCN;AFR
909;OC;Ozeanien;Oceania;957;OCP;Polynesien;Polynesia;184;184;CK;COK;Cookinseln;Cookinseln;Cookinseln;Cook Islands;Cook Islands;Cook Islands;N;N;N;A;FOR;TCN;ASI
904;SA;Lateinamerika und Karibik;Latin America and the Caribbean;916;SAE;Zentralamerika;Central America;188;188;CR;CRI;Costa Rica;Republik Costa Rica;Costa Rica;Costa Rica;Republic of Costa Rica;Costa Rica;Y;N;N;A;FOR;TCN;AME
908;EU;Europa;Europe;925;EUS;Südeuropa;Southern Europe;191;191;HR;HRV;Kroatien;Republik Kroatien;Kroatien;Croatia;Republic of Croatia;Croatia;Y;Y;Y;A;FOR;EEA;NEU
904;SA;Lateinamerika und Karibik;Latin America and the Caribbean;915;SAC;Karibik;Caribbean;192;192;CU;CUB;Kuba;Republik Kuba;Kuba;Cuba;Republic of Cuba;Cuba;Y;N;N;A;FOR;TCN;AME
935;AS;Asien;Asia;922;ASW;Westasien;Western Asia;196;196;CY;CYP;Zypern;Republik Zypern;Zypern;Cyprus;Republic of Cyprus;Cyprus;Y;Y;Y;A;FOR;EEA;NEU
908;EU;Europa;Europe;923;EUE;Osteuropa;Eastern Europe;200;200;CS;CSK;Tschechoslowakei;Tschechoslowakei;Tschechoslowakei;Czechoslovakia;Czechoslovakia;Czechoslovakia;N;Y;Y;H;FOR;EEA;NEU
908;EU;Europa;Europe;923;EUE;Osteuropa;Eastern Europe;203;203;CZ;CZE;Tschechien;Tschechische Republik;Tschechien;Czechia;Czech Republic;Czechia;Y;Y;Y;A;FOR;EEA;NEU
903;AF;Afrika;Africa;914;AFW;Westafrika;Western Africa;204;204;BJ;BEN;Benin;Republik Benin;Benin;Benin;Republic of Benin;Benin;Y;N;N;A;FOR;TCN;AFR
908;EU;Europa;Europe;924;EUN;Nordeuropa;Northern Europe;208;208;DK;DNK;Dänemark;Königreich Dänemark;Dänemark;Denmark;Kingdom of Denmark;Denmark;Y;Y;Y;A;FOR;EEA;OEU
904;SA;Lateinamerika und Karibik;Latin America and the Caribbean;915;SAC;Karibik;Caribbean;212;212;DM;DMA;Dominica;Commonwealth Dominica;Dominica;Dominica;Commonwealth of Dominica;Dominica;Y;N;N;A;FOR;TCN;AME
904;SA;Lateinamerika und Karibik;Latin America and the Caribbean;915;SAC;Karibik;Caribbean;214;214;DO;DOM;Dominikanische Republik;Dominikanische Republik;Dominikanische Republik;Dominican Republic;Dominican Republic;Dominican Republic;Y;N;N;A;FOR;TCN;AME
904;SA;Lateinamerika und Karibik;Latin America and the Caribbean;931;SAS;Südamerika;South America;218;218;EC;ECU;Ecuador;Republik Ecuador;Ecuador;Ecuador;Republic of Ecuador;Ecuador;Y;N;N;A;FOR;TCN;AME
904;SA;Lateinamerika und Karibik;Latin America and the Caribbean;916;SAE;Zentralamerika;Central America;222;222;SV;SLV;El Salvador;Republik El Salvador;El Salvador;El Salvador;Republic of El Salvador;El Salvador;Y;N;N;A;FOR;TCN;AME
903;AF;Afrika;Africa;911;AFM;Mittelafrika;Middle Africa;226;226;GQ;GNQ;Äquatorialguinea;Republik Äquatorialguinea;Äquatorialguinea;Equatorial Guinea;Republic of Equatorial Guinea;Equatorial Guinea;Y;N;N;A;FOR;TCN;AFR
903;AF;Afrika;Africa;910;AFE;Ostafrika;Eastern Africa;230;230;ET;ETH;Äthiopien (einschl. Eritrea);Äthiopien (einschließlich Eritrea);Äthiopien (einschl. Eritrea);Ethiopia (inlcuding Eritrea);Ethiopia (inlcuding Eritrea);Ethiopia (inlcuding Eritrea);N;N;N;H;FOR;TCN;AFR
903;AF;Afrika;Africa;910;AFE;Ostafrika;Eastern Africa;231;231;ET;ETH;Äthiopien;Demokratische Bundesrepublik Äthiopien;Äthiopien;Ethiopia;Federal Democratic Republic of Ethiopia;Ethiopia;Y;N;N;A;FOR;TCN;AFR
903;AF;Afrika;Africa;910;AFE;Ostafrika;Eastern Africa;232;232;ER;ERI;Eritrea;Staat Eritrea;Eritrea;Eritrea;State of Eritrea;Eritrea;Y;N;N;A;FOR;TCN;AFR
908;EU;Europa;Europe;924;EUN;Nordeuropa;Northern Europe;233;233;EE;EST;Estland;Republik Estland;Estland;Estonia;Republic of Estonia;Estonia;Y;Y;Y;A;FOR;EEA;NEU
908;EU;Europa;Europe;924;EUN;Nordeuropa;Northern Europe;234;208;FO;FRO;Färöer;Färöer;Dänemark;Faroe Islands;Faroe Islands;Denmark;N;N;N;T;FOR;REU;REU
904;SA;Lateinamerika und Karibik;Latin America and the Caribbean;931;SAS;Südamerika;South America;238;826;FK;FLK;Falklandinseln (Malwinen);Falklandinseln (Malwinen);Vereinigtes Königreich;Falkland Islands (Malvinas);Falkland Islands (Malvinas);United Kingdom;N;N;N;T;FOR;TCN;AME
904;SA;Lateinamerika und Karibik;Latin America and the Caribbean;931;SAS;Südamerika;South America;239;826;GS;SGS;Südgeorgien u. d. südl. Sandwichinseln;Südgeorgien u. d. südl. Sandwichinseln;Vereinigtes Königreich;South Georgia and the South Sandwich Islands;South Georgia and the South Sandwich Islands;United Kingdom;N;N;N;T;FOR;TCN;AME
909;OC;Ozeanien;Oceania;928;OCL;Melanesien;Melanesia;242;242;FJ;FJI;Fidschi;Republik Fidschi;Fidschi;Fiji;Republic of Fiji;Fiji;Y;N;N;A;FOR;TCN;ASI
908;EU;Europa;Europe;924;EUN;Nordeuropa;Northern Europe;246;246;FI;FIN;Finnland;Republik Finnland;Finnland;Finland;Republic of Finland;Finland;Y;Y;Y;A;FOR;EEA;OEU
908;EU;Europa;Europe;924;EUN;Nordeuropa;Northern Europe;248;246;AX;ALA;Ålandinseln;Ålandinseln;Finnland;Åland Islands;Åland Islands;Finland;N;Y;Y;T;FOR;EEA;OEU
908;EU;Europa;Europe;926;EUW;Westeuropa;Western Europe;250;250;FR;FRA;Frankreich;Französische Republik;Frankreich;France;French Republic;France;Y;Y;Y;A;FOR;EEA;OEU
904;SA;Lateinamerika und Karibik;Latin America and the Caribbean;931;SAS;Südamerika;South America;254;250;GF;GUF;Französisch-Guayana;Französisch-Guayana;Frankreich;French Guiana;French Guiana;France;N;Y;Y;T;FOR;TCN;AME
909;OC;Ozeanien;Oceania;957;OCP;Polynesien;Polynesia;258;250;PF;PYF;Französisch-Polynesien;Französisch-Polynesien;Frankreich;French Polynesia;French Polynesia;France;N;N;N;T;FOR;TCN;ASI
903;AF;Afrika;Africa;910;AFE;Ostafrika;Eastern Africa;260;250;TF;ATF;Französische Süd- u. Antarktisgebiete;Französische Süd- u. Antarktisgebiete;Frankreich;French Southern Territories;French Southern Territories;France;N;N;N;T;FOR;TCN;AFR
903;AF;Afrika;Africa;910;AFE;Ostafrika;Eastern Africa;262;262;DJ;DJI;Dschibuti;Republik Dschibuti;Dschibuti;Djibouti;Republic of Djibouti;Djibouti;Y;N;N;A;FOR;TCN;AFR
903;AF;Afrika;Africa;911;AFM;Mittelafrika;Middle Africa;266;266;GA;GAB;Gabun;Gabunische Republik;Gabun;Gabon;Gabonese Republic;Gabon;Y;N;N;A;FOR;TCN;AFR
935;AS;Asien;Asia;922;ASW;Westasien;Western Asia;268;268;GE;GEO;Georgien;Georgien;Georgien;Georgia;Georgia;Georgia;Y;N;N;A;FOR;TCN;ASI
903;AF;Afrika;Africa;914;AFW;Westafrika;Western Africa;270;270;GM;GMB;Gambia;Republik Gambia;Gambia;Gambia;Republic of Gambia;Gambia;Y;N;N;A;FOR;TCN;AFR
935;AS;Asien;Asia;922;ASW;Westasien;Western Asia;275;275;PS;PSE;Palästina;Palästina;Palästina;Palestine;Palestine;Palestine;N;N;N;T;FOR;TCN;ASI
908;EU;Europa;Europe;926;EUW;Westeuropa;Western Europe;276;276;DE;DEU;Deutschland;Bundesrepublik Deutschland;Deutschland;Germany;Federal Republic of Germany;Germany;Y;Y;Y;A;FOR;EEA;OEU
908;EU;Europa;Europe;926;EUW;Westeuropa;Western Europe;278;278;DD;DDR;Deutschland (DDR);Deutsche Demokratische Republik;Deutschland (DDR);East Germany;German Democratic Republic;East Germany;N;Y;Y;H;FOR;EEA;OEU
908;EU;Europa;Europe;926;EUW;Westeuropa;Western Europe;280;280;DE;DEU;Deutschland (BRD, West);Bundesrepublik Deutschland (Westdeutschland);Deutschland (BRD, West);West Germany;Federal Republic of Germany;West Germany;N;Y;Y;H;FOR;EEA;OEU
903;AF;Afrika;Africa;914;AFW;Westafrika;Western Africa;288;288;GH;GHA;Ghana;Republik Ghana;Ghana;Ghana;Republic of Ghana;Ghana;Y;N;N;A;FOR;TCN;AFR
908;EU;Europa;Europe;925;EUS;Südeuropa;Southern Europe;292;826;GI;GIB;Gibraltar;Gibraltar;Vereinigtes Königreich;Gibraltar;Gibraltar;United Kingdom;N;N;N;T;FOR;EEA;EFTA
909;OC;Ozeanien;Oceania;954;OCM;Mikronesien;Micronesia;296;296;KI;KIR;Kiribati;Republik Kiribati;Kiribati;Kiribati;Republic of Kiribati;Kiribati;Y;N;N;A;FOR;TCN;ASI
908;EU;Europa;Europe;925;EUS;Südeuropa;Southern Europe;300;300;GR;GRC;Griechenland;Hellenische Republik;Griechenland;Greece;Hellenic Republic;Greece;Y;Y;Y;A;FOR;EEA;OEU
905;NA;Nordamerika;Northern America;905;NAN;Nordamerika;Northern America;304;208;GL;GRL;Grönland;Grönland;Dänemark;Greenland;Greenland;Denmark;N;N;N;T;FOR;TCN;AME
904;SA;Lateinamerika und Karibik;Latin America and the Caribbean;915;SAC;Karibik;Caribbean;308;308;GD;GRD;Grenada;Grenada;Grenada;Grenada;Grenada;Grenada;Y;N;N;A;FOR;TCN;AME
904;SA;Lateinamerika und Karibik;Latin America and the Caribbean;915;SAC;Karibik;Caribbean;312;250;GP;GLP;Guadeloupe;Guadeloupe;Frankreich;Guadeloupe;Guadeloupe;France;N;Y;Y;T;FOR;TCN;AME
909;OC;Ozeanien;Oceania;954;OCM;Mikronesien;Micronesia;316;840;GU;GUM;Guam;Guam;Vereinigte Staaten;Guam;Guam;United Kingdom;N;N;N;T;FOR;TCN;ASI
904;SA;Lateinamerika und Karibik;Latin America and the Caribbean;916;SAE;Zentralamerika;Central America;320;320;GT;GTM;Guatemala;Republik Guatemala;Guatemala;Guatemala;Republic of Guatemala;Guatemala;Y;N;N;A;FOR;TCN;AME
903;AF;Afrika;Africa;914;AFW;Westafrika;Western Africa;324;324;GN;GIN;Guinea;Republik Guinea;Guinea;Guinea;Republic of Guinea;Guinea;Y;N;N;A;FOR;TCN;AFR
904;SA;Lateinamerika und Karibik;Latin America and the Caribbean;931;SAS;Südamerika;South America;328;328;GY;GUY;Guyana;Kooperative Republik Guyana;Guyana;Guyana;Cooperative Republic of Guyana;Guyana;Y;N;N;A;FOR;TCN;AME
904;SA;Lateinamerika und Karibik;Latin America and the Caribbean;915;SAC;Karibik;Caribbean;332;332;HT;HTI;Haiti;Republik Haiti;Haiti;Haiti;Republic of Haiti;Haiti;Y;N;N;A;FOR;TCN;AME
909;OC;Ozeanien;Oceania;927;OCA;Australien und Neuseeland;Australia and New Zealand;334;036;HM;HMD;Heard und McDonaldinseln;Heard und McDonaldinseln;Australien;Heard Island and McDonald Islands;Heard Island and McDonald Islands;Australia;N;N;N;T;FOR;TCN;ASI
908;EU;Europa;Europe;925;EUS;Südeuropa;Southern Europe;336;336;VA;VAT;Vatikan;Staat der Vatikanstadt;Vatikan;Vatican City;Vatican City State;Vatican City;N;N;N;A;FOR;EEA;EFTA
904;SA;Lateinamerika und Karibik;Latin America and the Caribbean;916;SAE;Zentralamerika;Central America;340;340;HN;HND;Honduras;Republik Honduras;Honduras;Honduras;Republic of Honduras;Honduras;Y;N;N;A;FOR;TCN;AME
935;AS;Asien;Asia;906;ASE;Ostasien;Eastern Asia;344;156;HK;HKG;Hongkong;Sonderverwaltungszone Hongkong der Volksrepublik China;China;Hong Kong;Hong Kong Special Administrative Region of the People’s Republic of China;China;N;N;N;T;FOR;TCN;ASI
908;EU;Europa;Europe;923;EUE;Osteuropa;Eastern Europe;348;348;HU;HUN;Ungarn;Ungarn;Ungarn;Hungary;Hungary;Hungary;Y;Y;Y;A;FOR;EEA;NEU
908;EU;Europa;Europe;924;EUN;Nordeuropa;Northern Europe;352;352;IS;ISL;Island;Island;Island;Iceland;Iceland;Iceland;Y;Y;N;A;FOR;EEA;EFTA
935;AS;Asien;Asia;5501;ASS;Südasien;Southern Asia;356;356;IN;IND;Indien;Republik Indien;Indien;India;Republic of India;India;Y;N;N;A;FOR;TCN;ASI
935;AS;Asien;Asia;920;ASA;Südostasien;South-Eastern Asia;360;360;ID;IDN;Indonesien;Republik Indonesien;Indonesien;Indonesia;Republic of Indonesia;Indonesia;Y;N;N;A;FOR;TCN;ASI
935;AS;Asien;Asia;5501;ASS;Südasien;Southern Asia;364;364;IR;IRN;Iran;Islamische Republik Iran;Iran;Iran;Islamic Republic of Iran;Iran;Y;N;N;A;FOR;TCN;ASI
935;AS;Asien;Asia;922;ASW;Westasien;Western Asia;368;368;IQ;IRQ;Irak;Republik Irak;Irak;Iraq;Republic of Iraq;Iraq;Y;N;N;A;FOR;TCN;ASI
908;EU;Europa;Europe;924;EUN;Nordeuropa;Northern Europe;372;372;IE;IRL;Irland;Irland;Irland;Ireland;Ireland;Ireland;Y;Y;Y;A;FOR;EEA;OEU
935;AS;Asien;Asia;922;ASW;Westasien;Western Asia;376;376;IL;ISR;Israel;Staat Israel;Israel;Israel;State of Israel;Israel;Y;N;N;A;FOR;TCN;ASI
908;EU;Europa;Europe;925;EUS;Südeuropa;Southern Europe;380;380;IT;ITA;Italien;Italienische Republik;Italien;Italy;Italian Republic;Italy;Y;Y;Y;A;FOR;EEA;OEU
903;AF;Afrika;Africa;914;AFW;Westafrika;Western Africa;384;384;CI;CIV;Côte d'Ivoire;Republik Côte d'Ivoire;Côte d'Ivoire;Côte d'Ivoire;Republic of Côte d'Ivoire;Côte d'Ivoire;Y;N;N;A;FOR;TCN;AFR
904;SA;Lateinamerika und Karibik;Latin America and the Caribbean;915;SAC;Karibik;Caribbean;388;388;JM;JAM;Jamaika;Jamaika;Jamaika;Jamaica;Jamaica;Jamaica;Y;N;N;A;FOR;TCN;AME
935;AS;Asien;Asia;906;ASE;Ostasien;Eastern Asia;392;392;JP;JPN;Japan;Japan;Japan;Japan;Japan;Japan;Y;N;N;A;FOR;TCN;ASI
935;AS;Asien;Asia;5500;ASC;Zentralasien;Central Asia;398;398;KZ;KAZ;Kasachstan;Republik Kasachstan;Kasachstan;Kazakhstan;Republic of Kazakhstan;Kazakhstan;Y;N;N;A;FOR;TCN;ASI
935;AS;Asien;Asia;922;ASW;Westasien;Western Asia;400;400;JO;JOR;Jordanien;Haschemitisches Königreich Jordanien;Jordanien;Jordan;Hashmite Kingdom of Jordan;Jordan;Y;N;N;A;FOR;TCN;ASI
903;AF;Afrika;Africa;910;AFE;Ostafrika;Eastern Africa;404;404;KE;KEN;Kenia;Republik Kenia;Kenia;Kenya;Republic of Kenya;Kenya;Y;N;N;A;FOR;TCN;AFR
935;AS;Asien;Asia;906;ASE;Ostasien;Eastern Asia;408;408;KP;PRK;Nordkorea;Demokratische Volksrepublik Korea;Nordkorea;North Korea;Democratic People's Republic of Korea;North Korea;Y;N;N;A;FOR;TCN;ASI
935;AS;Asien;Asia;906;ASE;Ostasien;Eastern Asia;410;410;KR;KOR;Südkorea;Republik Korea;Südkorea;South Korea;Republic of Korea;South Korea;Y;N;N;A;FOR;TCN;ASI
935;AS;Asien;Asia;922;ASW;Westasien;Western Asia;414;414;KW;KWT;Kuwait;Staat Kuwait;Kuwait;Kuwait;State of Kuwait;Kuwait;Y;N;N;A;FOR;TCN;ASI
935;AS;Asien;Asia;5500;ASC;Zentralasien;Central Asia;417;417;KG;KGZ;Kirgisistan;Kirgisische Republik;Kirgisistan;Kyrgyzstan;Kyrgyz Republic;Kyrgyzstan;Y;N;N;A;FOR;TCN;ASI
935;AS;Asien;Asia;920;ASA;Südostasien;South-Eastern Asia;418;418;LA;LAO;Laos;Demokratische Volksrepublik Laos;Laos;Laos;Lao People's Democratic Republic;Laos;Y;N;N;A;FOR;TCN;ASI
935;AS;Asien;Asia;922;ASW;Westasien;Western Asia;422;422;LB;LBN;Libanon;Libanesische Republik;Libanon;Lebanon;Republic of Lebanon;Lebanon;Y;N;N;A;FOR;TCN;ASI
903;AF;Afrika;Africa;913;AFS;Südafrika;Southern Africa;426;426;LS;LSO;Lesotho;Königreich Lesotho;Lesotho;Lesotho;Kingdom of Lesotho;Lesotho;Y;N;N;A;FOR;TCN;AFR
908;EU;Europa;Europe;924;EUN;Nordeuropa;Northern Europe;428;428;LV;LVA;Lettland;Republik Lettland;Lettland;Latvia;Republic of Latvia;Latvia;Y;Y;Y;A;FOR;EEA;NEU
903;AF;Afrika;Africa;914;AFW;Westafrika;Western Africa;430;430;LR;LBR;Liberia;Republik Liberia;Liberia;Liberia;Republic of Liberia;Liberia;Y;N;N;A;FOR;TCN;AFR
903;AF;Afrika;Africa;912;AFN;Nordafrika;Northern Africa;434;434;LY;LBY;Libyen;Staat Libyen;Libyen;Libya;State of Libya;Libya;Y;N;N;A;FOR;TCN;AFR
908;EU;Europa;Europe;926;EUW;Westeuropa;Western Europe;438;438;LI;LIE;Liechtenstein;Fürstentum Liechtenstein;Liechtenstein;Liechtenstein;Principality of Liechtenstein;Liechtenstein;Y;Y;N;A;FOR;EEA;EFTA
908;EU;Europa;Europe;924;EUN;Nordeuropa;Northern Europe;440;440;LT;LTU;Litauen;Republik Litauen;Litauen;Lithuania;Republic of Lithuania;Lithuania;Y;Y;Y;A;FOR;EEA;NEU
908;EU;Europa;Europe;926;EUW;Westeuropa;Western Europe;442;442;LU;LUX;Luxemburg;Großherzogtum Luxemburg;Luxemburg;Luxembourg;Grand Duchy of Luxembourg;Luxembourg;Y;Y;Y;A;FOR;EEA;OEU
935;AS;Asien;Asia;906;ASE;Ostasien;Eastern Asia;446;156;MO;MAC;Macau;Sonderverwaltungszone Macau der Volksrepublik China;China;Macao;Macao Special Administrative Region of the People's Republic of China;China;N;N;N;T;FOR;TCN;ASI
903;AF;Afrika;Africa;910;AFE;Ostafrika;Eastern Africa;450;450;MG;MDG;Madagaskar;Republik Madagaskar;Madagaskar;Madagascar;Republic of Madagascar;Madagascar;Y;N;N;A;FOR;TCN;AFR
903;AF;Afrika;Africa;910;AFE;Ostafrika;Eastern Africa;454;454;MW;MWI;Malawi;Republik Malawi;Malawi;Malawi;Republic of Malawi;Malawi;Y;N;N;A;FOR;TCN;AFR
935;AS;Asien;Asia;920;ASA;Südostasien;South-Eastern Asia;458;458;MY;MYS;Malaysia;Malaysia;Malaysia;Malaysia;Malaysia;Malaysia;Y;N;N;A;FOR;TCN;ASI
935;AS;Asien;Asia;5501;ASS;Südasien;Southern Asia;462;462;MV;MDV;Malediven;Republik Malediven;Malediven;Maldives;Republic of Maldives;Maldives;Y;N;N;A;FOR;TCN;ASI
903;AF;Afrika;Africa;914;AFW;Westafrika;Western Africa;466;466;ML;MLI;Mali;Republik Mali;Mali;Mali;Republic of Mali;Mali;Y;N;N;A;FOR;TCN;AFR
908;EU;Europa;Europe;925;EUS;Südeuropa;Southern Europe;470;470;MT;MLT;Malta;Republik Malta;Malta;Malta;Republic of Malta;Malta;Y;Y;Y;A;FOR;EEA;NEU
904;SA;Lateinamerika und Karibik;Latin America and the Caribbean;915;SAC;Karibik;Caribbean;474;250;MQ;MTQ;Martinique;Martinique;Frankreich;Martinique;Martinique;France;N;Y;Y;T;FOR;TCN;AME
903;AF;Afrika;Africa;914;AFW;Westafrika;Western Africa;478;478;MR;MRT;Mauretanien;Islamische Republik Mauretanien;Mauretanien;Mauritania;Islamic Republic of Mauritania;Mauritania;Y;N;N;A;FOR;TCN;AFR
903;AF;Afrika;Africa;910;AFE;Ostafrika;Eastern Africa;480;480;MU;MUS;Mauritius;Republik Mauritius;Mauritius;Mauritius;Republic of Mauritius;Mauritius;Y;N;N;A;FOR;TCN;AFR
904;SA;Lateinamerika und Karibik;Latin America and the Caribbean;916;SAE;Zentralamerika;Central America;484;484;MX;MEX;Mexiko;Vereinigte Mexikanische Staaten;Mexiko;Mexico;United Mexican States;Mexico;Y;N;N;A;FOR;TCN;AME
908;EU;Europa;Europe;926;EUW;Westeuropa;Western Europe;492;492;MC;MCO;Monaco;Fürstentum Monaco;Monaco;Monaco;Principality of Monaco;Monaco;Y;N;N;A;FOR;EEA;EFTA
935;AS;Asien;Asia;906;ASE;Ostasien;Eastern Asia;496;496;MN;MNG;Mongolei;Mongolei;Mongolei;Mongolia;Mongolia;Mongolia;Y;N;N;A;FOR;TCN;ASI
908;EU;Europa;Europe;923;EUE;Osteuropa;Eastern Europe;498;498;MD;MDA;Moldau;Republik Moldau;Moldau;Moldova;Republic of Moldova;Moldova;Y;N;N;A;FOR;REU;REU
908;EU;Europa;Europe;925;EUS;Südeuropa;Southern Europe;499;499;ME;MNE;Montenegro;Montenegro;Montenegro;Montenegro;Republic of Montenegro;Montenegro;Y;N;N;A;FOR;REU;REU
904;SA;Lateinamerika und Karibik;Latin America and the Caribbean;915;SAC;Karibik;Caribbean;500;250;MS;MSR;Montserrat;Montserrat;Frankreich;Montserrat;Montserrat;France;N;N;N;T;FOR;TCN;AME
903;AF;Afrika;Africa;912;AFN;Nordafrika;Northern Africa;504;504;MA;MAR;Marokko;Königreich Marokko;Marokko;Morocco;Kingdom of Morocco;Morocco;Y;N;N;A;FOR;TCN;AFR
903;AF;Afrika;Africa;910;AFE;Ostafrika;Eastern Africa;508;508;MZ;MOZ;Mosambik;Republik Mosambik;Mosambik;Mozambique;Republic of Mozambique;Mozambique;Y;N;N;A;FOR;TCN;AFR
935;AS;Asien;Asia;922;ASW;Westasien;Western Asia;512;512;OM;OMN;Oman;Sultanat Oman;Oman;Oman;Sultanate of Oman;Oman;Y;N;N;A;FOR;TCN;ASI
903;AF;Afrika;Africa;913;AFS;Südafrika;Southern Africa;516;516;NA;NAM;Namibia;Republik Namibia;Namibia;Namibia;Namibia;Namibia;Y;N;N;A;FOR;TCN;AFR
909;OC;Ozeanien;Oceania;954;OCM;Mikronesien;Micronesia;520;520;NR;NRU;Nauru;Republik Nauru;Nauru;Nauru;Republic of Nauru;Nauru;Y;N;N;A;FOR;TCN;ASI
935;AS;Asien;Asia;5501;ASS;Südasien;Southern Asia;524;524;NP;NPL;Nepal;Demokratische Bundesrepublik Nepal;Nepal;Nepal;Federal Democratic Republic of Nepal;Nepal;Y;N;N;A;FOR;TCN;ASI
908;EU;Europa;Europe;926;EUW;Westeuropa;Western Europe;528;528;NL;NLD;Niederlande;Königreich der Niederlande;Niederlande;Netherlands;Kingdom of the Netherlands;Netherlands;Y;Y;Y;A;FOR;EEA;OEU
904;SA;Lateinamerika und Karibik;Latin America and the Caribbean;915;SAC;Karibik;Caribbean;530;530;AN;ANT;Niederländische Antillen;Niederländische Antillen;Niederländische Antillen;Netherlands Antilles;Netherlands Antilles;Netherlands Antilles;N;N;N;H;FOR;TCN;AME
904;SA;Lateinamerika und Karibik;Latin America and the Caribbean;915;SAC;Karibik;Caribbean;531;528;CW;CUW;Curaçao;Curaçao;Niederlande;Curaçao;Curaçao;Netherlands;N;N;N;T;FOR;TCN;AME
904;SA;Lateinamerika und Karibik;Latin America and the Caribbean;915;SAC;Karibik;Caribbean;533;528;AW;ABW;Aruba;Aruba;Niederlande;Aruba;Aruba;Netherlands;N;N;N;T;FOR;TCN;AME
904;SA;Lateinamerika und Karibik;Latin America and the Caribbean;915;SAC;Karibik;Caribbean;534;528;SX;SXM;Sint Maarten;Sint Maarten;Niederlande;Sint Maarten;Sint Maarten;Netherlands;N;N;N;T;FOR;TCN;AME
904;SA;Lateinamerika und Karibik;Latin America and the Caribbean;915;SAC;Karibik;Caribbean;535;528;BQ;BES;Bonaire, Sint Eustatius und Saba;Bonaire, Sint Eustatius and Saba;Niederlande;Bonaire, Sint Eustatius and Saba;Bonaire, Sint Eustatius and Saba;Netherlands;N;N;N;T;FOR;TCN;AME
935;AS;Asien;Asia;922;ASW;Westasien;Western Asia;536;536;NT;NTZ;Neutrale Zone;Saudisch-Irakische Neutrale Zone;Neutrale Zone;Neutral Zone;Saudi-Iraqi Neutral Zone;Neutral Zone;N;N;N;H;FOR;TCN;ASI
909;OC;Ozeanien;Oceania;928;OCL;Melanesien;Melanesia;540;250;NC;NCL;Neukaledonien;Neukaledonien;Frankreich;New Caledonia;New Caledonia;France;N;N;N;T;FOR;TCN;ASI
909;OC;Ozeanien;Oceania;928;OCL;Melanesien;Melanesia;548;548;VU;VUT;Vanuatu;Republik Vanuatu;Vanuatu;Vanuatu;Republic of Vanuatu;Vanuatu;Y;N;N;A;FOR;TCN;ASI
909;OC;Ozeanien;Oceania;927;OCA;Australien und Neuseeland;Australia and New Zealand;554;554;NZ;NZL;Neuseeland;Neuseeland;Neuseeland;New Zealand;New Zealand;New Zealand;Y;N;N;A;FOR;TCN;ASI
904;SA;Lateinamerika und Karibik;Latin America and the Caribbean;916;SAE;Zentralamerika;Central America;558;558;NI;NIC;Nicaragua;Republik Nicaragua;Nicaragua;Nicaragua;Republic of Nicaragua;Nicaragua;Y;N;N;A;FOR;TCN;AME
903;AF;Afrika;Africa;914;AFW;Westafrika;Western Africa;562;562;NE;NER;Niger;Republik Niger;Niger;Niger;Republic of Niger;Niger;Y;N;N;A;FOR;TCN;AFR
903;AF;Afrika;Africa;914;AFW;Westafrika;Western Africa;566;566;NG;NGA;Nigeria;Bundesrepublik Nigeria;Nigeria;Nigeria;Federal Republic of Nigeria;Nigeria;Y;N;N;A;FOR;TCN;AFR
909;OC;Ozeanien;Oceania;957;OCP;Polynesien;Polynesia;570;554;NU;NIU;Niue;Niue;Neuseeland;Niue;Niue;New Zealand;N;N;N;T;FOR;TCN;ASI
909;OC;Ozeanien;Oceania;957;OCP;Polynesien;Polynesia;574;036;NF;NFK;Norfolkinseln;Norfolkinseln;Australien;Norfolk Island;Norfolk Island;Australia;N;N;N;T;FOR;TCN;ASI
908;EU;Europa;Europe;924;EUN;Nordeuropa;Northern Europe;578;578;NO;NOR;Norwegen;Königreich Norwegen;Norwegen;Norway;Norway;Norway;Y;Y;N;A;FOR;EEA;EFTA
909;OC;Ozeanien;Oceania;954;OCM;Mikronesien;Micronesia;580;840;MP;MNP;Nördliche Marianen;Nördliche Marianen;Vereinigte Staaten;Northern Mariana Islands;Northern Mariana Islands;United States;N;N;N;T;FOR;TCN;ASI
909;OC;Ozeanien;Oceania;954;OCM;Mikronesien;Micronesia;581;840;UM;UMI;US Minor Outlying Islands;United States Minor Outlying Islands;Vereinigte Staaten;US Minor Outlying Islands;United States Minor Outlying Islands;United States;N;N;N;T;FOR;TCN;ASI
909;OC;Ozeanien;Oceania;954;OCM;Mikronesien;Micronesia;583;583;FM;FSM;Mikronesien;Föderierte Staaten von Mikronesien;Mikronesien;Micronesia;Federated States of Micronesia;Micronesia;Y;N;N;A;FOR;TCN;ASI
909;OC;Ozeanien;Oceania;954;OCM;Mikronesien;Micronesia;584;584;MH;MHL;Marshallinseln;Republik Marshallinseln;Marshallinseln;Marshall Islands;Marshall Islands;Marshall Islands;Y;N;N;A;FOR;TCN;ASI
909;OC;Ozeanien;Oceania;954;OCM;Mikronesien;Micronesia;585;585;PW;PLW;Palau;Republik Palau;Palau;Palau;Republic of Palau;Palau;Y;N;N;A;FOR;TCN;ASI
935;AS;Asien;Asia;5501;ASS;Südasien;Southern Asia;586;586;PK;PAK;Pakistan;Islamische Republik Pakistan;Pakistan;Pakistan;Islamic Republic of Pakistan;Pakistan;Y;N;N;A;FOR;TCN;ASI
904;SA;Lateinamerika und Karibik;Latin America and the Caribbean;916;SAE;Zentralamerika;Central America;591;591;PA;PAN;Panama;Republik Panama;Panama;Panama;Republic of Panama;Panama;Y;N;N;A;FOR;TCN;AME
909;OC;Ozeanien;Oceania;928;OCL;Melanesien;Melanesia;598;598;PG;PNG;Papua-Neuguinea;Unabhängiger Staat Papua-Neuguinea;Papua-Neuguinea;Papua New Guinea;Independent State of Papua New Guinea;Papua New Guinea;Y;N;N;A;FOR;TCN;ASI
904;SA;Lateinamerika und Karibik;Latin America and the Caribbean;931;SAS;Südamerika;South America;600;600;PY;PRY;Paraguay;Republik Paraguay;Paraguay;Paraguay;Republic of Paraguay;Paraguay;Y;N;N;A;FOR;TCN;AME
904;SA;Lateinamerika und Karibik;Latin America and the Caribbean;931;SAS;Südamerika;South America;604;604;PE;PER;Peru;Republik Peru;Peru;Peru;Republic of Peru;Peru;Y;N;N;A;FOR;TCN;AME
935;AS;Asien;Asia;920;ASA;Südostasien;South-Eastern Asia;608;608;PH;PHL;Philippinen;Republik der Philippinen;Philippinen;Philippines;Republic of the Philippines;Philippines;Y;N;N;A;FOR;TCN;ASI
909;OC;Ozeanien;Oceania;957;OCP;Polynesien;Polynesia;612;826;PN;PCN;Pitcairninseln;Pitcairninseln;Vereinigtes Königreich;Pitcairn;Pitcairn;United Kingdom;N;N;N;T;FOR;TCN;ASI
908;EU;Europa;Europe;923;EUE;Osteuropa;Eastern Europe;616;616;PL;POL;Polen;Republik Polen;Polen;Poland;Republic of Poland;Poland;Y;Y;Y;A;FOR;EEA;NEU
908;EU;Europa;Europe;925;EUS;Südeuropa;Southern Europe;620;620;PT;PRT;Portugal;Portugiesische Republik;Portugal;Portugal;Portuguese Republic;Portugal;Y;Y;Y;A;FOR;EEA;OEU
903;AF;Afrika;Africa;914;AFW;Westafrika;Western Africa;624;624;GW;GNB;Guinea-Bissau;Republik Guinea-Bissau;Guinea-Bissau;Guinea-Bissau;Republic of Guinea-Bissau;Guinea-Bissau;Y;N;N;A;FOR;TCN;AFR
935;AS;Asien;Asia;920;ASA;Südostasien;South-Eastern Asia;626;626;TL;TLS;Timor-Leste;Demokratische Republik Timor-Leste;Timor-Leste;Timor-Leste;Democratic Republic of Timor-Leste;Timor-Leste;Y;N;N;A;FOR;TCN;ASI
904;SA;Lateinamerika und Karibik;Latin America and the Caribbean;915;SAC;Karibik;Caribbean;630;840;PR;PRI;Puerto Rico;Puerto Rico;Vereinigte Staaten;Puerto Rico;Puerto Rico;United States;N;N;N;T;FOR;TCN;AME
935;AS;Asien;Asia;922;ASW;Westasien;Western Asia;634;634;QA;QAT;Katar;Staat Katar;Katar;Qatar;State of Qatar;Qatar;Y;N;N;A;FOR;TCN;ASI
903;AF;Afrika;Africa;910;AFE;Ostafrika;Eastern Africa;638;250;RE;REU;Réunion;Réunion;Frankreich;Réunion;Réunion;France;N;Y;Y;T;FOR;TCN;AFR
908;EU;Europa;Europe;923;EUE;Osteuropa;Eastern Europe;642;642;RO;ROU;Rumänien;Rumänien;Rumänien;Romania;Romania;Romania;Y;Y;Y;A;FOR;EEA;NEU
908;EU;Europa;Europe;923;EUE;Osteuropa;Eastern Europe;643;643;RU;RUS;Russland;Russische Föderation;Russland;Russia;Russian Federation;Russia;Y;N;N;A;FOR;REU;REU
903;AF;Afrika;Africa;910;AFE;Ostafrika;Eastern Africa;646;646;RW;RWA;Ruanda;Republik Ruanda;Ruanda;Rwanda;Republic of Rwanda;Rwanda;Y;N;N;A;FOR;TCN;AFR
904;SA;Lateinamerika und Karibik;Latin America and the Caribbean;915;SAC;Karibik;Caribbean;652;250;BL;BLM;Saint-Barthélemy;Saint-Barthélemy;Frankreich;Saint Barthélemy;Saint Barthélemy;France;N;N;N;T;FOR;TCN;AME
903;AF;Afrika;Africa;914;AFW;Westafrika;Western Africa;654;826;SH;SHN;St. Helena, Ascension & Tristan da Cunha;St. Helena, Ascension und Tristan da Cunha;Vereinigtes Königreich;Saint Helena, Ascension and Tristan da Cunha;Saint Helena, Ascension and Tristan da Cunha;United Kingdom;N;N;N;T;FOR;TCN;AFR
904;SA;Lateinamerika und Karibik;Latin America and the Caribbean;915;SAC;Karibik;Caribbean;659;659;KN;KNA;St. Kitts und Nevis;St. Kitts und Nevis;St. Kitts und Nevis;Saint Kitts and Nevis;Federation of Saint Kitts and Nevis;Saint Kitts and Nevis;Y;N;N;A;FOR;TCN;AME
904;SA;Lateinamerika und Karibik;Latin America and the Caribbean;915;SAC;Karibik;Caribbean;660;826;AI;AIA;Anguilla;Anguilla;Vereinigtes Königreich;Anguilla;Anguilla;United Kingdom;N;N;N;T;FOR;TCN;AME
904;SA;Lateinamerika und Karibik;Latin America and the Caribbean;915;SAC;Karibik;Caribbean;662;662;LC;LCA;St. Lucia;St. Lucia;St. Lucia;Saint Lucia;Saint Lucia;Saint Lucia;Y;N;N;A;FOR;TCN;AME
904;SA;Lateinamerika und Karibik;Latin America and the Caribbean;915;SAC;Karibik;Caribbean;663;250;MF;MAF;Saint-Martin;Saint-Martin;Frankreich;Saint Martin (French part);Saint Martin (French part);France;N;Y;Y;T;FOR;TCN;AME
905;NA;Nordamerika;Northern America;905;NAN;Nordamerika;Northern America;666;250;PM;SPM;Saint-Pierre und Miquelon;Saint-Pierre und Miquelon;Frankreich;Saint Pierre and Miquelon;Saint Pierre and Miquelon;France;N;N;N;T;FOR;TCN;AME
904;SA;Lateinamerika und Karibik;Latin America and the Caribbean;915;SAC;Karibik;Caribbean;670;670;VC;VCT;St. Vincent und die Grenadinen;St. Vincent und die Grenadinen;St. Vincent und die Grenadinen;Saint Vincent and the Grenadines;Saint Vincent and the Grenadinen;Saint Vincent and the Grenadines;Y;N;N;A;FOR;TCN;AME
908;EU;Europa;Europe;925;EUS;Südeuropa;Southern Europe;674;674;SM;SMR;San Marino;Republik San Marino;San Marino;San Marino;Republic of San Marino;San Marino;Y;N;N;A;FOR;EEA;EFTA
903;AF;Afrika;Africa;911;AFM;Mittelafrika;Middle Africa;678;678;ST;STP;São Tomé und Príncipe;Demokratische Republik São Tomé und Príncipe;São Tomé und Príncipe;Sao Tome and Principe;Democratic Republic of São Tomé und Princípe;Sao Tome and Principe;Y;N;N;A;FOR;TCN;AFR
908;EU;Europa;Europe;924;EUN;Nordeuropa;Northern Europe;680;826;GG;;Sark;Sark (GB-Kanalinseln);Vereinigtes Königreich;Sark;Sark;United Kingdom;N;N;N;T;FOR;REU;REU
935;AS;Asien;Asia;922;ASW;Westasien;Western Asia;682;682;SA;SAU;Saudi-Arabien;Königreich Saudi-Arabien;Saudi-Arabien;Saudi Arabia;Kingdom of Saudi Arabia;Saudi Arabia;Y;N;N;A;FOR;TCN;ASI
903;AF;Afrika;Africa;914;AFW;Westafrika;Western Africa;686;686;SN;SEN;Senegal;Republik Senegal;Senegal;Senegal;Republic of Senegal;Senegal;Y;N;N;A;FOR;TCN;AFR
908;EU;Europa;Europe;925;EUS;Südeuropa;Southern Europe;688;688;RS;SRB;Serbien;Republik Serbien;Serbien;Serbia;Republic of Serbia;Serbia;Y;N;N;A;FOR;REU;REU
903;AF;Afrika;Africa;910;AFE;Ostafrika;Eastern Africa;690;690;SC;SYC;Seychellen;Republik Seychellen;Seychellen;Seychelles;Republic of Seychelles;Seychelles;Y;N;N;A;FOR;TCN;AFR
903;AF;Afrika;Africa;914;AFW;Westafrika;Western Africa;694;694;SL;SLE;Sierra Leone;Republik Sierra Leone;Sierra Leone;Sierra Leone;Republic of Sierra Leone;Sierra Leone;Y;N;N;A;FOR;TCN;AFR
935;AS;Asien;Asia;920;ASA;Südostasien;South-Eastern Asia;702;702;SG;SGP;Singapur;Republik Singapur;Singapur;Singapore;Republic of Singapore;Singapore;Y;N;N;A;FOR;TCN;ASI
908;EU;Europa;Europe;923;EUE;Osteuropa;Eastern Europe;703;703;SK;SVK;Slowakei;Slowakische Republik;Slowakei;Slovakia;Slovak Republic;Slovakia;Y;Y;Y;A;FOR;EEA;NEU
935;AS;Asien;Asia;920;ASA;Südostasien;South-Eastern Asia;704;704;VN;VNM;Vietnam;Sozialistische Republik Vietnam;Vietnam;Viet Nam;Socialist Republic of Vietnam;Viet Nam;Y;N;N;A;FOR;TCN;ASI
908;EU;Europa;Europe;925;EUS;Südeuropa;Southern Europe;705;705;SI;SVN;Slowenien;Republik Slowenien;Slowenien;Slovenia;Republic of Slovenia;Slovenia;Y;Y;Y;A;FOR;EEA;NEU
903;AF;Afrika;Africa;910;AFE;Ostafrika;Eastern Africa;706;706;SO;SOM;Somalia;Bundesrepublik Somalia;Somalia;Somalia;Somali Republic;Somalia;Y;N;N;A;FOR;TCN;AFR
903;AF;Afrika;Africa;913;AFS;Südafrika;Southern Africa;710;710;ZA;ZAF;Südafrika;Republik Südafrika;Südafrika;South Africa;Republic of South Africa;South Africa;Y;N;N;A;FOR;TCN;AFR
935;AS;Asien;Asia;920;ASA;Südostasien;South-Eastern Asia;714;714;VD;VDR;Vietnam (Süd);Republik Vietnam;Vietnam (Süd);South Vietam;Republic of Vietnam;South Vietam;N;N;N;H;FOR;TCN;ASI
903;AF;Afrika;Africa;910;AFE;Ostafrika;Eastern Africa;716;716;ZW;ZWE;Simbabwe;Republik Simbabwe;Simbabwe;Zimbabwe;Republic of Zimbabwe;Zimbabwe;Y;N;N;A;FOR;TCN;AFR
935;AS;Asien;Asien;922;ASW;Westasien;Western Asia;720;720;;;Jemen (Süd);Volksdemokratische Republik Jemen;Jemen (Süd);Yemen (South);People's Democratic Republic of Yemen;Yemen (South);N;N;N;H;FOR;TCN;ASI
908;EU;Europa;Europe;925;EUS;Südeuropa;Southern Europe;724;724;ES;ESP;Spanien;Königreich Spanien;Spanien;Spain;Kingdom of Spain;Spain;Y;Y;Y;A;FOR;EEA;OEU
903;AF;Afrika;Africa;910;AFE;Ostafrika;Eastern Africa;728;728;SS;SSD;Südsudan;Republik Südsudan;Südsudan;South Sudan;Republic of South Sudan;South Sudan;Y;N;N;A;FOR;TCN;AFR
903;AF;Afrika;Africa;912;AFN;Nordafrika;Northern Africa;729;729;SD;SDN;Sudan;Republik Sudan;Sudan;Sudan;Republic of the Sudan;Sudan;Y;N;N;A;FOR;TCN;AFR
903;AF;Afrika;Africa;912;AFN;Nordafrika;Northern Africa;732;504;EH;ESH;Westsahara;Westsahara;Marokko;Western Sahara;Western Sahara;Morocco;N;N;N;T;FOR;TCN;AFR
903;AF;Afrika;Africa;912;AFN;Nordafrika;Northern Africa;736;736;SD;SDN;Sudan;Republik Sudan;Sudan;Sudan;Republic of the Sudan;Sudan;N;N;N;H;FOR;TCN;AFR
904;SA;Lateinamerika und Karibik;Latin America and the Caribbean;931;SAS;Südamerika;South America;740;740;SR;SUR;Suriname;Republik Suriname;Suriname;Suriname;Republic of Suriname;Suriname;Y;N;N;A;FOR;TCN;AME
908;EU;Europa;Europe;924;EUN;Nordeuropa;Northern Europe;744;578;SJ;SJM;Svalbard und Jan Mayen;Svalbard und Jan Mayen;Norwegen;Svalbard and Jan Mayen;Svalbard and Jan Mayen;Norway;N;N;N;T;FOR;REU;REU
903;AF;Afrika;Africa;913;AFS;Südafrika;Southern Africa;748;748;SZ;SWZ;Eswatini;Königreich Eswatini;Eswatini;Eswatini;Kingdom of Eswatini;Eswatini;Y;N;N;A;FOR;TCN;AFR
908;EU;Europa;Europe;924;EUN;Nordeuropa;Northern Europe;752;752;SE;SWE;Schweden;Königreich Schweden;Schweden;Sweden;Kingdom of Sweden;Sweden;Y;Y;Y;A;FOR;EEA;OEU
908;EU;Europa;Europe;926;EUW;Westeuropa;Western Europe;756;756;CH;CHE;Schweiz;Schweizerische Eidgenossenschaft;Schweiz;Switzerland;Swiss Confederation;Switzerland;Y;N;N;A;FOR;EEA;EFTA
935;AS;Asien;Asia;922;ASW;Westasien;Western Asia;760;760;SY;SYR;Syrien;Arabische Republik Syrien;Syrien;Syria;Syrian Arab Republic;Syria;Y;N;N;A;FOR;TCN;ASI
935;AS;Asien;Asia;5500;ASC;Zentralasien;Central Asia;762;762;TJ;TJK;Tadschikistan;Republik Tadschikistan;Tadschikistan;Tajikistan;Republic of Tajikistan;Tajikistan;Y;N;N;A;FOR;TCN;ASI
935;AS;Asien;Asia;920;ASA;Südostasien;South-Eastern Asia;764;764;TH;THA;Thailand;Königreich Thailand;Thailand;Thailand;Kingdom of Thailand;Thailand;Y;N;N;A;FOR;TCN;ASI
903;AF;Afrika;Africa;914;AFW;Westafrika;Western Africa;768;768;TG;TGO;Togo;Republik Togo;Togo;Togo;Togolese Republic;Togo;Y;N;N;A;FOR;TCN;AFR
909;OC;Ozeanien;Oceania;957;OCP;Polynesien;Polynesia;772;554;TK;TKL;Tokelau;Tokelau;Neuseeland;Tokelau;Tokelau;New Zealand;N;N;N;T;FOR;TCN;ASO
909;OC;Ozeanien;Oceania;957;OCP;Polynesien;Polynesia;776;776;TO;TON;Tonga;Königreich Tonga;Tonga;Tonga;Kingdom of Tonga;Tonga;Y;N;N;A;FOR;TCN;ASI
904;SA;Lateinamerika und Karibik;Latin America and the Caribbean;915;SAC;Karibik;Caribbean;780;780;TT;TTO;Trinidad und Tobago;Republik Trinidad und Tobago;Trinidad und Tobago;Trinidad and Tobago;Republic of Trinidad and Tobago;Trinidad and Tobago;Y;N;N;A;FOR;TCN;AME
935;AS;Asien;Asia;922;ASW;Westasien;Western Asia;784;784;AE;ARE;Vereinigte Arabische Emirate;Vereinigte Arabische Emirate;Vereinigte Arabische Emirate;United Arab Emirates;United Arab Emirates;United Arab Emirates;Y;N;N;A;FOR;TCN;ASI
903;AF;Afrika;Africa;912;AFN;Nordafrika;Northern Africa;788;788;TN;TUN;Tunesien;Tunesische Republik;Tunesien;Tunisia;Tunisiaan Republic;Tunisia;Y;N;N;A;FOR;TCN;AFR
935;AS;Asien;Asia;922;ASW;Westasien;Western Asia;792;792;TR;TUR;Türkei;Republik Türkei;Türkei;Turkey;Republic of Türkiye;Turkey;Y;N;N;A;FOR;REU;REU
935;AS;Asien;Asia;5500;ASC;Zentralasien;Central Asia;795;795;TM;TKM;Turkmenistan;Turkmenistan;Turkmenistan;Turkmenistan;Turkmenistan;Turkmenistan;Y;N;N;A;FOR;TCN;ASI
904;SA;Lateinamerika und Karibik;Latin America and the Caribbean;915;SAC;Karibik;Caribbean;796;826;TC;TCA;Turks- und Caicosinseln;Turks- und Caicosinseln;Vereinigtes Königreich;Turks and Caicos Islands;Turks- und Caicosinseln;United Kingdom;N;N;N;T;FOR;TCN;AME
909;OC;Ozeanien;Oceania;957;OCP;Polynesien;Polynesia;798;798;TV;TUV;Tuvalu;Tuvalu;Tuvalu;Tuvalu;Tuvalu;Tuvalu;Y;N;N;A;FOR;TCN;ASI
903;AF;Afrika;Africa;910;AFE;Ostafrika;Eastern Africa;800;800;UG;UGA;Uganda;Republik Uganda;Uganda;Uganda;Republic of Uganda;Uganda;Y;N;N;A;FOR;TCN;AFR
908;EU;Europa;Europe;923;EUE;Osteuropa;Eastern Europe;804;804;UA;UKR;Ukraine;Ukraine;Ukraine;Ukraine;Ukraine;Ukraine;Y;N;N;A;FOR;REU;REU
908;EU;Europa;Europe;925;EUS;Südeuropa;Southern Europe;807;807;MK;MKD;Nordmazedonien;Republik Nordmazedonien;Nordmazedonien;North Macedonia;Republic of North Macedonia;North Macedonia;Y;N;N;A;FOR;REU;REU
908;EU;Europa;Europe;923;EUE;Osteuropa;Eastern Europe;810;810;SU;SUN;Sowjetunion;Union der Sozialistischen Sowjetrepubliken;Sowjetunion;Soviet Union;Union of Soviet Socialist Republics;Soviet Union;N;N;N;H;FOR;REU;REU
903;AF;Afrika;Africa;912;AFN;Nordafrika;Northern Africa;818;818;EG;EGY;Ägypten;Arabische Republik Ägypten;Ägypten;Egypt;Arab Repulic of Egypt;Egypt;Y;N;N;A;FOR;TCN;AFR
908;EU;Europa;Europe;924;EUN;Nordeuropa;Northern Europe;826;826;GB;GBR;Vereinigtes Königreich;Vereinigtes Königreich Großbritannien und Nordirland;Vereinigtes Königreich;United Kingdom;United Kingdom of Great Britain and Northern Ireland;United Kingdom;Y;N;N;A;FOR;EEA;EFTA
908;EU;Europa;Europe;924;EUN;Nordeuropa;Northern Europe;830;826;GB;;Kanalinseln;Kanalinseln;Vereinigtes Königreich;Channel Islands;Channel Islands;United Kingdom;N;N;N;T;FOR;EEA;EFTA
908;EU;Europa;Europe;924;EUN;Nordeuropa;Northern Europe;831;826;GG;GGY;Guernsey;Guernsey (GB-Kanalinseln);Vereinigtes Königreich;Guernsey;Guernsey;United Kingdom;N;N;N;T;FOR;EEA;EFTA
908;EU;Europa;Europe;924;EUN;Nordeuropa;Northern Europe;832;826;JE;JEY;Jersey;Jersey;Vereinigtes Königreich;Jersey;Jersey;United Kingdom;N;N;N;T;FOR;EEA;EFTA
908;EU;Europa;Europe;924;EUN;Nordeuropa;Northern Europe;833;826;IM;IMN;Isle of Man;Isle of Man;Vereinigtes Königreich;Isle of Man;Isle of Man;United Kingdom;N;N;N;T;FOR;EEA;EFTA
903;AF;Afrika;Africa;910;AFE;Ostafrika;Eastern Africa;834;834;TZ;TZA;Tansania;Vereinigte Republik Tansania;Tansania;Tanzania;United Republic of Tanzania;Tanzania;Y;N;N;A;FOR;TCN;AFR
905;NA;Nordamerika;Northern America;905;NAN;Nordamerika;Northern America;840;840;US;USA;Vereinigte Staaten;Vereinigte Staaten von Amerika;Vereinigte Staaten;United States;United States of America;United States;Y;N;N;A;FOR;TCN;AME
904;SA;Lateinamerika und Karibik;Latin America and the Caribbean;915;SAC;Karibik;Caribbean;850;840;VI;VIR;Amerikanische Jungferninseln;Amerikanische Jungferninseln;Vereinigte Staaten;Virgin Islands (U.S.);Virgin Islands (U.S.);United States;N;N;N;T;FOR;TCN;AME
903;AF;Afrika;Africa;914;AFW;Westafrika;Western Africa;854;854;BF;BFA;Burkina Faso;Burkina Faso;Burkina Faso;Burkina Faso;Burkina Faso;Burkina Faso;Y;N;N;A;FOR;TCN;AFR
904;SA;Lateinamerika und Karibik;Latin America and the Caribbean;931;SAS;Südamerika;South America;858;858;UY;URY;Uruguay;Republik Östlich des Uruguay;Uruguay;Uruguay;Eastern Republic of Uruguay;Uruguay;Y;N;N;A;FOR;TCN;AME
935;AS;Asien;Asia;5500;ASC;Zentralasien;Central Asia;860;860;UZ;UZB;Usbekistan;Republik Usbekistan;Usbekistan;Uzbekistan;Republic of Uzbekistan;Uzbekistan;Y;N;N;A;FOR;TCN;ASI
904;SA;Lateinamerika und Karibik;Latin America and the Caribbean;931;SAS;Südamerika;South America;862;862;VE;VEN;Venezuela;Bolivarische Republik Venezuela;Venezuela;Venezuela;Bolivarian Republic of Venezuela;Venezuela;Y;N;N;A;FOR;TCN;AME
909;OC;Ozeanien;Oceania;957;OCP;Polynesien;Polynesia;876;250;WF;WLF;Wallis und Futuna;Wallis und Futuna;Frankreich;Wallis and Futuna Islands;Wallis and Futuna Islands;France;N;N;N;T;FOR;TCN;ASI
909;OC;Ozeanien;Oceania;957;OCP;Polynesien;Polynesia;882;882;WS;WSM;Samoa;Unabhängiger Staat Samoa;Samoa;Samoa;Independent State of Samoa;Samoa;Y;N;N;A;FOR;TCN;ASI
935;AS;Asien;Asia;922;ASW;Westasien;Western Asia;886;886;YE;YEM;Jemen (Nord);Jemeninitsche Arabische Republik;Jemen (Nord);Yemen (North);Yemen Arab Republic;Yemen (North);N;N;N;H;FOR;TCN;ASI
935;AS;Asien;Asia;922;ASW;Westasien;Western Asia;887;887;YE;YEM;Jemen;Republik Jemen;Jemen;Yemen;Republic of Yemen;Yemen;Y;N;N;A;FOR;TCN;ASI
908;EU;Europa;Europe;925;EUS;Südeuropa;Southern Europe;890;890;YU;YUG;Jugoslawien;Sozialistische Föderation Republik Jugoslawien;Jugoslawien;Yugoslavia;Socialist Federal Republic of Yugoslavia;Yugoslavia;N;N;N;H;FOR;REU;REU
908;EU;Europa;Europe;925;EUS;Südeuropa;Southern Europe;891;891;CS;SCG;Serbien und Montenegro;Bundesrepublik Jugoslawien;Serbien und Montenegro;Serbia and Montenegro;State Union of Serbia and Montenegro;Serbia and Montenegro;N;N;N;H;FOR;REU;REU
903;AF;Afrika;Africa;910;AFE;Ostafrika;Eastern Africa;894;894;ZM;ZMB;Sambia;Republik Sambia;Sambia;Zambia;Republic of Zambia;Zambia;Y;N;N;A;FOR;TCN;AFR
999;XX;Nicht zutreffend;Not applicable;999;XXX;Nicht zutreffend;Not applicable;901;901;XA;XXA;Staatenlos;Staatenlos;Staatenlos;Stateless;Stateless;Stateless;N;N;N;U;FOR;TCN;ASI
999;XX;Nicht zutreffend;Not applicable;999;XXX;Nicht zutreffend;Not applicable;902;902;XB;XXB;Konventionsflüchtling;Konventionsflüchtling;Konventionsflüchtling;Convention refugee;Convention refugee;Convention refugee;N;N;N;U;FOR;TCN;ASI
999;XX;Nicht zutreffend;Not applicable;999;XXX;Nicht zutreffend;Not applicable;903;903;XC;XXC;International;International;International;International;International;International;N;N;N;U;FOR;TCN;ASI
999;XX;Nicht zutreffend;Not applicable;999;XXX;Nicht zutreffend;Not applicable;924;924;XX;XXX;Unbekannt;Unbekannt;Unbekannt;Unknown;Unknown;Unknown;N;N;N;U;FOR;TCN;ASI
999;XX;Nicht zutreffend;Not applicable;999;XXX;Nicht zutreffend;Not applicable;926;926;XZ;XXZ;Ungeklärt;Ungeklärt;Ungeklärt;Open;Open;Open;N;N;N;U;FOR;TCN;ASI
908;EU;Europa;Europe;925;EUS;Südeuropa;Southern Europe;927;927;XK;XKS;Kosovo;Republik Kosovo;Kosovo;Kosovo;Republic of Kosovo;Kosovo;N;N;N;O;FOR;REU;REU
